,treatment_string,before_after_string,count,mean,std,min,25%,50%,75%,max
0,Control,Before Intervention,20.0,0.9032421084024591,0.01836865155938949,0.8627684964200477,0.8918487346515248,0.9039007941941668,0.913740439194372,0.9339853300733496
1,Control,Post Intervention,21.0,0.8853890408045538,0.02054159018524798,0.8153526970954357,0.8797752808988764,0.8908730158730159,0.8974082073434125,0.907051282051282
2,Treatment,Before Intervention,20.0,0.907020725167387,0.020311490027938,0.8624401913875598,0.8965731624511967,0.9108009708737864,0.9251062414425586,0.9346793349168646
3,Treatment,Post Intervention,21.0,0.8854648412511223,0.017094179064357496,0.8459869848156182,0.8726708074534162,0.8852631578947369,0.8966202783300199,0.9212121212121213
