,treatment_string,before_after_string,count,mean,std,min,25%,50%,75%,max
0,Control,Before Intervention,14.0,0.8392439636967043,0.053374641469882904,0.7569331158238173,0.8258005036285463,0.8423202614379085,0.8531196990352894,0.9903225806451613
1,Control,Post Intervention,23.0,0.8324935332145079,0.037645825106456955,0.7436102236421726,0.8152539479517532,0.8376835236541599,0.8504215083162452,0.9321192052980133
2,Treatment,Before Intervention,14.0,0.8710515378982221,0.05280804682418045,0.7665289256198347,0.8378503682509405,0.8799038098830629,0.8905760337438382,0.9914893617021276
3,Treatment,Post Intervention,23.0,0.8641892261198888,0.04616183973019452,0.7316017316017316,0.8366118920972645,0.865546218487395,0.8920815138282387,0.9681274900398407
